{"cameraMode":{"drawMode":0,"name":"Shaded","section":"Shading Mode"},"sceneLighting":false,"audioPlay":false,"sceneViewState":{"showFog":false,"showMaterialUpdate":false,"showSkybox":false,"showFlares":false,"showImageEffects":false,"showParticleSystems":false},"in2DMode":false,"pivot":{"x":0.0,"y":0.0717344582080841,"z":0.004999995231628418},"rotation":{"x":-0.18471628427505494,"y":-0.6156604290008545,"z":-0.151455819606781,"w":0.7509998083114624},"size":0.3372141718864441,"orthographic":false}