{"cameraMode":{"drawMode":0,"name":"Shaded","section":"Shading Mode"},"sceneLighting":false,"audioPlay":false,"sceneViewState":{"showFog":false,"showMaterialUpdate":false,"showSkybox":false,"showFlares":false,"showImageEffects":false,"showParticleSystems":false},"in2DMode":false,"pivot":{"x":9.950976371765137,"y":2.1040420532226564,"z":6.300343990325928},"rotation":{"x":-0.03623655065894127,"y":-0.9601731300354004,"z":0.23376332223415376,"w":-0.14894680678844453},"size":0.3266814351081848,"orthographic":false}